"Status","Start Time","Stop Time","Duration in ms","Parent Suite","Suite","Sub Suite","Test Class","Test Method","Name","Description"
"passed","Sat Oct 03 07:33:17 UTC 2026","Sat Oct 03 07:33:17 UTC 2026","271","BookstoreAPITestSuite","AllTests","com.bookstore.tests.SecurityTests","com.bookstore.tests.SecurityTests","testHeaderInjectionPrevention","testHeaderInjectionPrevention","Verify API prevents HTTP header injection attacks"
"passed","Sat Oct 03 07:32:51 UTC 2026","Sat Oct 03 07:32:51 UTC 2026","292","BookstoreAPITestSuite","AllTests","com.bookstore.tests.BookApiTests","com.bookstore.tests.BookApiTests","testGetBookById","testGetBookById","Verify that a specific book can be retrieved by its ID"
"passed","Sat Oct 03 07:32:45 UTC 2026","Sat Oct 03 07:32:45 UTC 2026","276","BookstoreAPITestSuite","AllTests","com.bookstore.tests.BookApiTests","com.bookstore.tests.BookApiTests","testCreateBookPerformance","testCreateBookPerformance","Verify book creation performance is within acceptable limits"
"failed","Sat Oct 03 07:32:44 UTC 2026","Sat Oct 03 07:32:45 UTC 2026","329","BookstoreAPITestSuite","AllTests","com.bookstore.tests.BookApiTests","com.bookstore.tests.BookApiTests","testCreateBook","testCreateBook","Verify that a new book can be created successfully"
"failed","Sat Oct 03 07:32:49 UTC 2026","Sat Oct 03 07:32:49 UTC 2026","296","BookstoreAPITestSuite","AllTests","com.bookstore.tests.BookApiTests","com.bookstore.tests.BookApiTests","testDeleteBookByNegativeId","testDeleteBookByNegativeId","Verify proper error handling when deleting a book with negative ID"
"passed","Sat Oct 03 07:32:46 UTC 2026","Sat Oct 03 07:32:46 UTC 2026","279","BookstoreAPITestSuite","AllTests","com.bookstore.tests.BookApiTests","com.bookstore.tests.BookApiTests","testCreateBookWithNullValues","testCreateBookWithNullValues","Verify proper error handling when creating a book with null values"
"passed","Sat Oct 03 07:32:48 UTC 2026","Sat Oct 03 07:32:49 UTC 2026","867","BookstoreAPITestSuite","AllTests","com.bookstore.tests.BookApiTests","com.bookstore.tests.BookApiTests","testDeleteBook","testDeleteBook","Verify that a book can be deleted successfully"
"passed","Sat Oct 03 07:32:41 UTC 2026","Sat Oct 03 07:32:41 UTC 2026","485","BookstoreAPITestSuite","AllTests","com.bookstore.tests.AuthorApiTests","com.bookstore.tests.AuthorApiTests","testGetAuthorsByBookId","testGetAuthorsByBookId","Verify retrieving authors for a specific book"
"failed","Sat Oct 03 07:32:49 UTC 2026","Sat Oct 03 07:32:49 UTC 2026","288","BookstoreAPITestSuite","AllTests","com.bookstore.tests.BookApiTests","com.bookstore.tests.BookApiTests","testDeleteNonExistentBook","testDeleteNonExistentBook","Verify proper error handling when deleting a non-existent book"
"passed","Sat Oct 03 07:32:47 UTC 2026","Sat Oct 03 07:32:47 UTC 2026","271","BookstoreAPITestSuite","AllTests","com.bookstore.tests.BookApiTests","com.bookstore.tests.BookApiTests","testCreateBookWithZeroPageCount","testCreateBookWithZeroPageCount","Verify boundary testing with zero page count"
"passed","Sat Oct 03 07:32:49 UTC 2026","Sat Oct 03 07:32:50 UTC 2026","680","BookstoreAPITestSuite","AllTests","com.bookstore.tests.BookApiTests","com.bookstore.tests.BookApiTests","testGetAllBooks","testGetAllBooks","Verify that all books can be retrieved successfully"
"passed","Sat Oct 03 07:33:01 UTC 2026","Sat Oct 03 07:33:04 UTC 2026","2809","BookstoreAPITestSuite","AllTests","com.bookstore.tests.IntegrationTests","com.bookstore.tests.IntegrationTests","testBulkOperationsPerformance","testBulkOperationsPerformance","Test performance and consistency during bulk operations"
"failed","Sat Oct 03 07:32:34 UTC 2026","Sat Oct 03 07:32:35 UTC 2026","300","BookstoreAPITestSuite","AllTests","com.bookstore.tests.AuthorApiTests","com.bookstore.tests.AuthorApiTests","testCreateAuthorWithSpecialCharacters","testCreateAuthorWithSpecialCharacters","Verify handling of special characters in author names"
"passed","Sat Oct 03 07:32:38 UTC 2026","Sat Oct 03 07:32:39 UTC 2026","424","BookstoreAPITestSuite","AllTests","com.bookstore.tests.AuthorApiTests","com.bookstore.tests.AuthorApiTests","testGetAllAuthorsPerformance","testGetAllAuthorsPerformance","Verify API response time is within acceptable limits"
"failed","Sat Oct 03 07:32:32 UTC 2026","Sat Oct 03 07:32:33 UTC 2026","331","BookstoreAPITestSuite","AllTests","com.bookstore.tests.AuthorApiTests","com.bookstore.tests.AuthorApiTests","testCreateAuthorWithEmptyFields","testCreateAuthorWithEmptyFields","Verify proper error handling when creating author with empty required fields"
"passed","Sat Oct 03 07:33:07 UTC 2026","Sat Oct 03 07:33:08 UTC 2026","593","BookstoreAPITestSuite","AllTests","com.bookstore.tests.IntegrationTests","com.bookstore.tests.IntegrationTests","testCreateBookAndAssociatedAuthor","testCreateBookAndAssociatedAuthor","Create a book and then create an author associated with that book"
"failed","Sat Oct 03 07:32:33 UTC 2026","Sat Oct 03 07:32:33 UTC 2026","329","BookstoreAPITestSuite","AllTests","com.bookstore.tests.AuthorApiTests","com.bookstore.tests.AuthorApiTests","testCreateAuthorWithInvalidData","testCreateAuthorWithInvalidData","Verify proper error handling when creating an author with invalid data"
"failed","Sat Oct 03 07:32:58 UTC 2026","Sat Oct 03 07:33:00 UTC 2026","1421","BookstoreAPITestSuite","AllTests","com.bookstore.tests.IntegrationTests","com.bookstore.tests.IntegrationTests","testAuthorDeletionImpactOnBook","testAuthorDeletionImpactOnBook","Test deleting an author and verify book remains unaffected"
"passed","Sat Oct 03 07:32:52 UTC 2026","Sat Oct 03 07:32:53 UTC 2026","593","BookstoreAPITestSuite","AllTests","com.bookstore.tests.BookApiTests","com.bookstore.tests.BookApiTests","testUpdateBook","testUpdateBook","Verify that an existing book can be updated successfully"
"failed","Sat Oct 03 07:33:00 UTC 2026","Sat Oct 03 07:33:01 UTC 2026","1120","BookstoreAPITestSuite","AllTests","com.bookstore.tests.IntegrationTests","com.bookstore.tests.IntegrationTests","testBookUpdateImpactOnAuthors","testBookUpdateImpactOnAuthors","Verify updating book information doesn't break author relationships"
"passed","Sat Oct 03 07:32:45 UTC 2026","Sat Oct 03 07:32:45 UTC 2026","297","BookstoreAPITestSuite","AllTests","com.bookstore.tests.BookApiTests","com.bookstore.tests.BookApiTests","testCreateBookWithInvalidData","testCreateBookWithInvalidData","Verify proper error handling when creating a book with invalid data"
"failed","Sat Oct 03 07:32:43 UTC 2026","Sat Oct 03 07:32:44 UTC 2026","289","BookstoreAPITestSuite","AllTests","com.bookstore.tests.AuthorApiTests","com.bookstore.tests.AuthorApiTests","testUpdateNonExistentAuthor","testUpdateNonExistentAuthor","Verify proper error handling when updating a non-existent author"
"failed","Sat Oct 03 07:32:37 UTC 2026","Sat Oct 03 07:32:38 UTC 2026","882","BookstoreAPITestSuite","AllTests","com.bookstore.tests.AuthorApiTests","com.bookstore.tests.AuthorApiTests","testDoubleDeleteAuthor","testDoubleDeleteAuthor","Verify behavior when attempting to delete an already deleted author"
"failed","Sat Oct 03 07:33:19 UTC 2026","Sat Oct 03 07:33:20 UTC 2026","284","BookstoreAPITestSuite","AllTests","com.bookstore.tests.SecurityTests","com.bookstore.tests.SecurityTests","testXssPreventionInBookFields","testXssPreventionInBookFields","Verify API prevents Cross-Site Scripting attacks"
"failed","Sat Oct 03 07:33:05 UTC 2026","Sat Oct 03 07:33:06 UTC 2026","1412","BookstoreAPITestSuite","AllTests","com.bookstore.tests.IntegrationTests","com.bookstore.tests.IntegrationTests","testConcurrentOperationsOnRelatedEntities","testConcurrentOperationsOnRelatedEntities","Test concurrent operations on related entities"
"passed","Sat Oct 03 07:32:54 UTC 2026","Sat Oct 03 07:32:54 UTC 2026","838","BookstoreAPITestSuite","AllTests","com.bookstore.tests.BookApiTests","com.bookstore.tests.BookApiTests","testUpdateBookIdempotency","testUpdateBookIdempotency","Verify that multiple identical update requests produce the same result"
"failed","Sat Oct 03 07:32:57 UTC 2026","Sat Oct 03 07:32:57 UTC 2026","276","BookstoreAPITestSuite","AllTests","com.bookstore.tests.BookApiTests","com.bookstore.tests.BookApiTests","testUpdateNonExistentBook","testUpdateNonExistentBook","Verify proper error handling when updating a non-existent book"
"passed","Sat Oct 03 07:32:42 UTC 2026","Sat Oct 03 07:32:43 UTC 2026","598","BookstoreAPITestSuite","AllTests","com.bookstore.tests.AuthorApiTests","com.bookstore.tests.AuthorApiTests","testUpdateAuthor","testUpdateAuthor","Verify that an existing author can be updated successfully"
"passed","Sat Oct 03 07:33:06 UTC 2026","Sat Oct 03 07:33:07 UTC 2026","867","BookstoreAPITestSuite","AllTests","com.bookstore.tests.IntegrationTests","com.bookstore.tests.IntegrationTests","testCreateAuthorThenBook","testCreateAuthorThenBook","Create an author first, then create a book and verify the relationship can be established"
"passed","Sat Oct 03 07:32:40 UTC 2026","Sat Oct 03 07:32:40 UTC 2026","932","BookstoreAPITestSuite","AllTests","com.bookstore.tests.AuthorApiTests","com.bookstore.tests.AuthorApiTests","testGetAuthorByInvalidId","testGetAuthorByInvalidId","Verify proper error handling when requesting an author with invalid ID"
"passed","Sat Oct 03 07:32:46 UTC 2026","Sat Oct 03 07:32:47 UTC 2026","291","BookstoreAPITestSuite","AllTests","com.bookstore.tests.BookApiTests","com.bookstore.tests.BookApiTests","testCreateBookWithSpecialCharacters","testCreateBookWithSpecialCharacters","Verify handling of special characters in book data"
"passed","Sat Oct 03 07:32:50 UTC 2026","Sat Oct 03 07:32:51 UTC 2026","605","BookstoreAPITestSuite","AllTests","com.bookstore.tests.BookApiTests","com.bookstore.tests.BookApiTests","testGetAllBooksWhenEmpty","testGetAllBooksWhenEmpty","Verify handling when no books exist in the system"
"passed","Sat Oct 03 07:32:41 UTC 2026","Sat Oct 03 07:32:41 UTC 2026","292","BookstoreAPITestSuite","AllTests","com.bookstore.tests.AuthorApiTests","com.bookstore.tests.AuthorApiTests","testGetAuthorByZeroId","testGetAuthorByZeroId","Verify proper error handling when requesting author with ID zero"
"passed","Sat Oct 03 07:32:41 UTC 2026","Sat Oct 03 07:32:42 UTC 2026","610","BookstoreAPITestSuite","AllTests","com.bookstore.tests.AuthorApiTests","com.bookstore.tests.AuthorApiTests","testPartialUpdateAuthor","testPartialUpdateAuthor","Verify partial update of author with single field change"
"passed","Sat Oct 03 07:32:50 UTC 2026","Sat Oct 03 07:32:50 UTC 2026","481","BookstoreAPITestSuite","AllTests","com.bookstore.tests.BookApiTests","com.bookstore.tests.BookApiTests","testGetAllBooksPerformance","testGetAllBooksPerformance","Verify API response time is within acceptable limits"
"passed","Sat Oct 03 07:32:35 UTC 2026","Sat Oct 03 07:32:35 UTC 2026","740","BookstoreAPITestSuite","AllTests","com.bookstore.tests.AuthorApiTests","com.bookstore.tests.AuthorApiTests","testCreateAuthorWithSqlInjection","testCreateAuthorWithSqlInjection","Verify protection against SQL injection attempts in author data"
"passed","Sat Oct 03 07:32:34 UTC 2026","Sat Oct 03 07:32:34 UTC 2026","301","BookstoreAPITestSuite","AllTests","com.bookstore.tests.AuthorApiTests","com.bookstore.tests.AuthorApiTests","testCreateAuthorWithMaxIntegerValues","testCreateAuthorWithMaxIntegerValues","Verify handling of maximum integer values for numeric fields"
"passed","Sat Oct 03 07:33:19 UTC 2026","Sat Oct 03 07:33:19 UTC 2026","276","BookstoreAPITestSuite","AllTests","com.bookstore.tests.SecurityTests","com.bookstore.tests.SecurityTests","testSqlInjectionInBookFields","testSqlInjectionInBookFields","Verify API prevents SQL injection attacks in book data"
"passed","Sat Oct 03 07:32:47 UTC 2026","Sat Oct 03 07:32:48 UTC 2026","582","BookstoreAPITestSuite","AllTests","com.bookstore.tests.BookApiTests","com.bookstore.tests.BookApiTests","testCreateDuplicateBooks","testCreateDuplicateBooks","Verify behavior when creating books with identical data"
"failed","Sat Oct 03 07:32:44 UTC 2026","Sat Oct 03 07:32:44 UTC 2026","597","BookstoreAPITestSuite","AllTests","com.bookstore.tests.BookApiTests","com.bookstore.tests.BookApiTests","testConcurrentBookCreation","testConcurrentBookCreation","Verify behavior with concurrent create operations"
"passed","Sat Oct 03 07:33:19 UTC 2026","Sat Oct 03 07:33:19 UTC 2026","267","BookstoreAPITestSuite","AllTests","com.bookstore.tests.SecurityTests","com.bookstore.tests.SecurityTests","testNullByteInjectionPrevention","testNullByteInjectionPrevention","Verify API prevents null byte injection attacks"
"passed","Sat Oct 03 07:33:12 UTC 2026","Sat Oct 03 07:33:16 UTC 2026","3639","BookstoreAPITestSuite","AllTests","com.bookstore.tests.IntegrationTests","com.bookstore.tests.IntegrationTests","testRelationshipBoundaryConditions","testRelationshipBoundaryConditions","Test boundary conditions for entity relationships"
"passed","Sat Oct 03 07:32:53 UTC 2026","Sat Oct 03 07:32:54 UTC 2026","559","BookstoreAPITestSuite","AllTests","com.bookstore.tests.BookApiTests","com.bookstore.tests.BookApiTests","testUpdateBookIdMismatch","testUpdateBookIdMismatch","Verify behavior when URL ID doesn't match request body ID"
"passed","Sat Oct 03 07:32:39 UTC 2026","Sat Oct 03 07:32:39 UTC 2026","274","BookstoreAPITestSuite","AllTests","com.bookstore.tests.AuthorApiTests","com.bookstore.tests.AuthorApiTests","testGetAuthorByExtremelyLargeId","testGetAuthorByExtremelyLargeId","Verify proper error handling when requesting author with extremely large ID"
"passed","Sat Oct 03 07:32:55 UTC 2026","Sat Oct 03 07:32:56 UTC 2026","588","BookstoreAPITestSuite","AllTests","com.bookstore.tests.BookApiTests","com.bookstore.tests.BookApiTests","testUpdateBookWithNegativePageCount","testUpdateBookWithNegativePageCount","Verify boundary testing when updating book with negative page count"
"failed","Sat Oct 03 07:32:34 UTC 2026","Sat Oct 03 07:32:34 UTC 2026","295","BookstoreAPITestSuite","AllTests","com.bookstore.tests.AuthorApiTests","com.bookstore.tests.AuthorApiTests","testCreateAuthorWithNullFields","testCreateAuthorWithNullFields","Verify proper error handling when creating author with null required fields"
"passed","Sat Oct 03 07:32:35 UTC 2026","Sat Oct 03 07:32:36 UTC 2026","324","BookstoreAPITestSuite","AllTests","com.bookstore.tests.AuthorApiTests","com.bookstore.tests.AuthorApiTests","testCreateAuthorWithUnicodeCharacters","testCreateAuthorWithUnicodeCharacters","Verify handling of Unicode characters in author names"
"passed","Sat Oct 03 07:32:55 UTC 2026","Sat Oct 03 07:32:55 UTC 2026","549","BookstoreAPITestSuite","AllTests","com.bookstore.tests.BookApiTests","com.bookstore.tests.BookApiTests","testUpdateBookWithInvalidData","testUpdateBookWithInvalidData","Verify proper error handling when updating a book with invalid data"
"passed","Sat Oct 03 07:32:54 UTC 2026","Sat Oct 03 07:32:55 UTC 2026","551","BookstoreAPITestSuite","AllTests","com.bookstore.tests.BookApiTests","com.bookstore.tests.BookApiTests","testUpdateBookPartialFields","testUpdateBookPartialFields","Verify partial update behavior with only some fields provided"
"failed","Sat Oct 03 07:32:57 UTC 2026","Sat Oct 03 07:32:58 UTC 2026","1436","BookstoreAPITestSuite","AllTests","com.bookstore.tests.IntegrationTests","com.bookstore.tests.IntegrationTests","testAuthorBookReferenceUpdate","testAuthorBookReferenceUpdate","Test updating author's book reference and verify data consistency"
"passed","Sat Oct 03 07:32:36 UTC 2026","Sat Oct 03 07:32:37 UTC 2026","923","BookstoreAPITestSuite","AllTests","com.bookstore.tests.AuthorApiTests","com.bookstore.tests.AuthorApiTests","testDeleteAuthor","testDeleteAuthor","Verify that an author can be deleted successfully"
"passed","Sat Oct 03 07:32:29 UTC 2026","Sat Oct 03 07:32:32 UTC 2026","3013","BookstoreAPITestSuite","AllTests","com.bookstore.tests.AuthorApiTests","com.bookstore.tests.AuthorApiTests","testCreateAuthor","testCreateAuthor","Verify that a new author can be created successfully"
"failed","Sat Oct 03 07:32:40 UTC 2026","Sat Oct 03 07:32:41 UTC 2026","274","BookstoreAPITestSuite","AllTests","com.bookstore.tests.AuthorApiTests","com.bookstore.tests.AuthorApiTests","testGetAuthorByNegativeId","testGetAuthorByNegativeId","Verify proper error handling when requesting an author with negative ID"
"passed","Sat Oct 03 07:32:47 UTC 2026","Sat Oct 03 07:32:47 UTC 2026","279","BookstoreAPITestSuite","AllTests","com.bookstore.tests.BookApiTests","com.bookstore.tests.BookApiTests","testCreateBookWithUnicodeCharacters","testCreateBookWithUnicodeCharacters","Verify Unicode/UTF-8 support in book data"
"passed","Sat Oct 03 07:32:38 UTC 2026","Sat Oct 03 07:32:38 UTC 2026","545","BookstoreAPITestSuite","AllTests","com.bookstore.tests.AuthorApiTests","com.bookstore.tests.AuthorApiTests","testGetAllAuthors","testGetAllAuthors","Verify that all authors can be retrieved successfully"
"passed","Sat Oct 03 07:32:52 UTC 2026","Sat Oct 03 07:32:52 UTC 2026","578","BookstoreAPITestSuite","AllTests","com.bookstore.tests.BookApiTests","com.bookstore.tests.BookApiTests","testGetBooksWithQueryParameters","testGetBooksWithQueryParameters","Verify API behavior with query parameters if supported"
"failed","Sat Oct 03 07:33:09 UTC 2026","Sat Oct 03 07:33:10 UTC 2026","1122","BookstoreAPITestSuite","AllTests","com.bookstore.tests.IntegrationTests","com.bookstore.tests.IntegrationTests","testDataIntegrityAfterPartialFailure","testDataIntegrityAfterPartialFailure","Test data integrity when part of a multi-step operation fails"
"failed","Sat Oct 03 07:32:37 UTC 2026","Sat Oct 03 07:32:37 UTC 2026","305","BookstoreAPITestSuite","AllTests","com.bookstore.tests.AuthorApiTests","com.bookstore.tests.AuthorApiTests","testDeleteNonExistentAuthor","testDeleteNonExistentAuthor","Verify proper error handling when deleting a non-existent author"
"failed","Sat Oct 03 07:33:08 UTC 2026","Sat Oct 03 07:33:09 UTC 2026","551","BookstoreAPITestSuite","AllTests","com.bookstore.tests.IntegrationTests","com.bookstore.tests.IntegrationTests","testCrossApiErrorHandling","testCrossApiErrorHandling","Test error handling scenarios across multiple APIs"
"passed","Sat Oct 03 07:33:17 UTC 2026","Sat Oct 03 07:33:17 UTC 2026","282","BookstoreAPITestSuite","AllTests","com.bookstore.tests.SecurityTests","com.bookstore.tests.SecurityTests","testCommandInjectionPrevention","testCommandInjectionPrevention","Verify API prevents command injection attacks"
"passed","Sat Oct 03 07:32:45 UTC 2026","Sat Oct 03 07:32:46 UTC 2026","301","BookstoreAPITestSuite","AllTests","com.bookstore.tests.BookApiTests","com.bookstore.tests.BookApiTests","testCreateBookWithMaxLengthData","testCreateBookWithMaxLengthData","Verify boundary testing with maximum allowed field lengths"
"passed","Sat Oct 03 07:32:43 UTC 2026","Sat Oct 03 07:32:43 UTC 2026","577","BookstoreAPITestSuite","AllTests","com.bookstore.tests.AuthorApiTests","com.bookstore.tests.AuthorApiTests","testUpdateAuthorWithIdMismatch","testUpdateAuthorWithIdMismatch","Verify proper error handling when update path ID doesn't match body ID"
"broken","Sat Oct 03 07:32:36 UTC 2026","Sat Oct 03 07:32:36 UTC 2026","9","BookstoreAPITestSuite","AllTests","com.bookstore.tests.AuthorApiTests","com.bookstore.tests.AuthorApiTests","testCreateAuthorWithWrongContentType","testCreateAuthorWithWrongContentType","Verify proper error handling when sending request with wrong content type"
"failed","Sat Oct 03 07:33:19 UTC 2026","Sat Oct 03 07:33:19 UTC 2026","270","BookstoreAPITestSuite","AllTests","com.bookstore.tests.SecurityTests","com.bookstore.tests.SecurityTests","testPathTraversalPrevention","testPathTraversalPrevention","Verify API prevents directory traversal attacks"
"passed","Sat Oct 03 07:32:46 UTC 2026","Sat Oct 03 07:32:46 UTC 2026","285","BookstoreAPITestSuite","AllTests","com.bookstore.tests.BookApiTests","com.bookstore.tests.BookApiTests","testCreateBookWithNegativePageCount","testCreateBookWithNegativePageCount","Verify boundary testing when creating book with negative page count"
"passed","Sat Oct 03 07:32:56 UTC 2026","Sat Oct 03 07:32:57 UTC 2026","562","BookstoreAPITestSuite","AllTests","com.bookstore.tests.BookApiTests","com.bookstore.tests.BookApiTests","testUpdateBookWithNullValues","testUpdateBookWithNullValues","Verify proper error handling when updating a book with null values"
"passed","Sat Oct 03 07:33:09 UTC 2026","Sat Oct 03 07:33:09 UTC 2026","827","BookstoreAPITestSuite","AllTests","com.bookstore.tests.IntegrationTests","com.bookstore.tests.IntegrationTests","testDataConsistencyAcrossEntities","testDataConsistencyAcrossEntities","Verify data consistency when updating related entities"
"passed","Sat Oct 03 07:32:34 UTC 2026","Sat Oct 03 07:32:34 UTC 2026","290","BookstoreAPITestSuite","AllTests","com.bookstore.tests.AuthorApiTests","com.bookstore.tests.AuthorApiTests","testCreateAuthorWithMalformedJson","testCreateAuthorWithMalformedJson","Verify proper error handling when sending malformed JSON payload"
"passed","Sat Oct 03 07:32:33 UTC 2026","Sat Oct 03 07:32:33 UTC 2026","316","BookstoreAPITestSuite","AllTests","com.bookstore.tests.AuthorApiTests","com.bookstore.tests.AuthorApiTests","testCreateAuthorWithLongData","testCreateAuthorWithLongData","Verify boundary testing with very long field values for author"
"failed","Sat Oct 03 07:33:16 UTC 2026","Sat Oct 03 07:33:17 UTC 2026","1382","BookstoreAPITestSuite","AllTests","com.bookstore.tests.IntegrationTests","com.bookstore.tests.IntegrationTests","testRetrievalWithRelationshipValidation","testRetrievalWithRelationshipValidation","Test retrieving entities and verifying their relationships"
"passed","Sat Oct 03 07:32:45 UTC 2026","Sat Oct 03 07:32:45 UTC 2026","286","BookstoreAPITestSuite","AllTests","com.bookstore.tests.BookApiTests","com.bookstore.tests.BookApiTests","testCreateBookWithLongData","testCreateBookWithLongData","Verify boundary testing with very long field values"
"passed","Sat Oct 03 07:33:04 UTC 2026","Sat Oct 03 07:33:05 UTC 2026","1404","BookstoreAPITestSuite","AllTests","com.bookstore.tests.IntegrationTests","com.bookstore.tests.IntegrationTests","testCascadeDeleteBehavior","testCascadeDeleteBehavior","Test behavior when deleting a book that has associated authors"
"passed","Sat Oct 03 07:32:33 UTC 2026","Sat Oct 03 07:32:33 UTC 2026","316","BookstoreAPITestSuite","AllTests","com.bookstore.tests.AuthorApiTests","com.bookstore.tests.AuthorApiTests","testCreateAuthorWithInvalidBookReference","testCreateAuthorWithInvalidBookReference","Verify proper error handling when creating author with invalid book ID reference"
"passed","Sat Oct 03 07:32:51 UTC 2026","Sat Oct 03 07:32:51 UTC 2026","269","BookstoreAPITestSuite","AllTests","com.bookstore.tests.BookApiTests","com.bookstore.tests.BookApiTests","testGetBookByInvalidId","testGetBookByInvalidId","Verify proper error handling when requesting a book with invalid ID"
"failed","Sat Oct 03 07:32:51 UTC 2026","Sat Oct 03 07:32:52 UTC 2026","273","BookstoreAPITestSuite","AllTests","com.bookstore.tests.BookApiTests","com.bookstore.tests.BookApiTests","testGetBookByNegativeId","testGetBookByNegativeId","Verify proper error handling when requesting a book with negative ID"
"passed","Sat Oct 03 07:32:39 UTC 2026","Sat Oct 03 07:32:40 UTC 2026","331","BookstoreAPITestSuite","AllTests","com.bookstore.tests.AuthorApiTests","com.bookstore.tests.AuthorApiTests","testGetAuthorById","testGetAuthorById","Verify that a specific author can be retrieved by their ID"
"passed","Sat Oct 03 07:33:10 UTC 2026","Sat Oct 03 07:33:12 UTC 2026","1403","BookstoreAPITestSuite","AllTests","com.bookstore.tests.IntegrationTests","com.bookstore.tests.IntegrationTests","testInvalidRelationshipScenarios","testInvalidRelationshipScenarios","Test comprehensive invalid relationship scenarios"
"passed","Sat Oct 03 07:33:17 UTC 2026","Sat Oct 03 07:33:19 UTC 2026","1151","BookstoreAPITestSuite","AllTests","com.bookstore.tests.SecurityTests","com.bookstore.tests.SecurityTests","testLargePayloadHandling","testLargePayloadHandling","Verify API handles extremely large payloads gracefully"
